"id_doc";"Date";"pol";"url_vw"
"EPdoc-14-19_1243";"2015-07-09";"Environment & public health";"http://www.votewatch.eu/en/term8-resource-efficiency-moving-towards-a-circular-economy-motion-for-resolution-vote-resolution.html"
"EPdoc-14-19_1250";"2015-07-09";"Environment & public health";"http://www.votewatch.eu/en/term8-maximum-permitted-levels-of-radioactive-contamination-following-a-nuclear-accident-draft-legislative-7.html"
"EPdoc-14-19_1256";"2015-07-09";"Economic & monetary affairs";"http://www.votewatch.eu/en/term8-building-a-capital-markets-union-motion-for-resolution-vote-resolution.html"
"EPdoc-14-19_1283";"2015-07-09";"Foreign & security policy";"http://www.votewatch.eu/en/term8-european-agenda-on-security-motion-for-resolution-vote-resolution.html"
"EPdoc-14-19_1289";"2015-07-09";"Foreign & security policy";"http://www.votewatch.eu/en/term8-security-challenges-in-the-middle-east-and-north-africa-and-prospects-for-political-stability-motion-6.html"
"EPdoc-14-19_1298";"2015-07-09";"Foreign & security policy";"http://www.votewatch.eu/en/term8-review-of-the-european-neighbourhood-policy-motion-for-resolution-vote-resolution.html"
"EPdoc-14-19_1303";"2015-07-09";"Legal affairs";"http://www.votewatch.eu/en/term8-harmonisation-of-certain-aspects-of-copyright-and-related-rights-motion-for-resolution-vote-resoluti.html"
"EPdoc-14-19_1305";"2015-07-09";"Foreign & security policy";"http://www.votewatch.eu/en/term8-evaluation-of-activities-of-the-european-endowment-for-democracy-eed-motion-for-resolution-vote-afet.html"
"EPdoc-14-19_1306";"2015-07-09";"Foreign & security policy";"http://www.votewatch.eu/en/term8-cambodia-s-draft-laws-on-ngos-and-trade-unions-joint-motion-for-resolution-vote-resolution.html"
"EPdoc-14-19_1307";"2015-07-09";"Foreign & security policy";"http://www.votewatch.eu/en/term8-the-democratic-republic-of-congo-drc-in-particular-the-case-of-two-detained-human-rights-activists-y.html"
"EPdoc-14-19_1308";"2015-07-09";"Foreign & security policy";"http://www.votewatch.eu/en/term8-bahrain-in-particular-the-case-of-nabeel-rajab-joint-motion-for-resolution-vote-resolution.html"
"EPdoc-14-19_1309";"2015-07-09";"Foreign & security policy";"http://www.votewatch.eu/en/term8-situation-of-two-christian-pastors-in-sudan-joint-motion-for-resolution-vote-resolution.html"
"EPdoc-14-19_1116";"2015-07-08";"International trade";"http://www.votewatch.eu/en/term8-negotiations-for-the-transatlantic-trade-and-investment-partnership-ttip-motion-for-resolution-vote-.html"
"EPdoc-14-19_1117";"2015-07-08";"Foreign & security policy";"http://www.votewatch.eu/en/term8-stabilisation-and-association-agreement-with-the-former-yugoslav-republic-of-macedonia-protocol-to-t.html"
"EPdoc-14-19_1118";"2015-07-08";"Foreign & security policy";"http://www.votewatch.eu/en/term8-stabilisation-and-association-agreement-with-serbia-protocol-to-take-account-of-the-accession-of-cro.html"
"EPdoc-14-19_1119";"2015-07-08";"Industry, research & energy";"http://www.votewatch.eu/en/term8-scientific-and-technological-cooperation-with-india-renewal-of-the-agreement-draft-legislative-resol.html"
"EPdoc-14-19_1120";"2015-07-08";"Industry, research & energy";"http://www.votewatch.eu/en/term8-scientific-and-technological-cooperation-with-the-faroe-islands-horizon-2020-draft-legislative-resol.html"
"EPdoc-14-19_1146";"2015-07-08";"Legal affairs";"http://www.votewatch.eu/en/term8-long-term-shareholder-engagement-and-corporate-governance-statement-draft-legislative-resolution-vot.html"
"EPdoc-14-19_1147";"2015-07-08";"Environment & public health";"http://www.votewatch.eu/en/term8-market-stability-reserve-for-the-union-greenhouse-gas-emission-trading-scheme-draft-legislative-reso.html"
"EPdoc-14-19_1149";"2015-07-08";"Employment & social affairs";"http://www.votewatch.eu/en/term8-seafarers-draft-legislative-resolution-vote-legislative-resolution-ordinary-legislative-procedure-fi.html"
"EPdoc-14-19_1150";"2015-07-08";"Industry, research & energy";"http://www.votewatch.eu/en/term8-scientific-and-technological-cooperation-with-switzerland-horizon-2020-and-iter-activities-draft-leg.html"
"EPdoc-14-19_1162";"2015-07-08";"Employment & social affairs";"http://www.votewatch.eu/en/term8-guidelines-for-the-employment-policies-of-the-member-states-draft-legislative-resolution-vote-legisl.html"
"EPdoc-14-19_1163";"2015-07-08";"Budget";"http://www.votewatch.eu/en/term8-mobilisation-of-the-european-globalisation-adjustment-fund-application-egf-2015-001-fi-broadcom-moti.html"
"EPdoc-14-19_1185";"2015-07-08";"Budget";"http://www.votewatch.eu/en/term8-2016-budget-mandate-for-the-trilogue-motion-for-resolution-vote-resolution.html"
"EPdoc-14-19_1199";"2015-07-08";"Employment & social affairs";"http://www.votewatch.eu/en/term8-green-employment-initiative-motion-for-resolution-vote-resolution.html"
"EPdoc-14-19_1200";"2015-07-08";"Development";"http://www.votewatch.eu/en/term8-tax-avoidance-and-tax-evasion-as-challenges-in-developing-countries-motion-for-resolution-vote-resol.html"
"EPdoc-14-19_1024";"2015-07-07";"Legal affairs";"http://www.votewatch.eu/en/term8-exercise-of-the-union-s-rights-under-international-trade-rules-draft-legislative-resolution-single-v.html"
"EPdoc-14-19_1025";"2015-07-07";"Legal affairs";"http://www.votewatch.eu/en/term8-protection-against-injurious-pricing-of-vessels-draft-legislative-resolution-single-vote-ordinary-le.html"
"EPdoc-14-19_1026";"2015-07-07";"Fisheries";"http://www.votewatch.eu/en/term8-fishing-opportunities-in-eu-waters-for-fishing-vessels-flying-the-flag-of-venezuela-off-the-coast-of.html"
"EPdoc-14-19_1027";"2015-07-07";"Budget";"http://www.votewatch.eu/en/term8-draft-amending-budget-no-3-2015-surplus-from-2014-motion-for-resolution-single-vote.html"
"EPdoc-14-19_1028";"2015-07-07";"Budget";"http://www.votewatch.eu/en/term8-draft-amending-budget-no-4-2015-mobilisation-of-the-eu-solidarity-fund-for-romania-bulgaria-and-ital.html"
"EPdoc-14-19_1029";"2015-07-07";"Budget";"http://www.votewatch.eu/en/term8-mobilisation-of-the-eu-solidarity-fund-floods-in-romania-bulgaria-and-italy-motion-for-resolution-si.html"
"EPdoc-14-19_1030";"2015-07-07";"Transport & tourism";"http://www.votewatch.eu/en/term8-delivering-multimodal-integrated-ticketing-in-europe-motion-for-resolution-single-vote.html"
"EPdoc-14-19_1031";"2015-07-07";"Budget";"http://www.votewatch.eu/en/term8-draft-amending-budget-no-1-2015-european-fund-for-strategic-investments-efsi-motion-for-resolution-v.html"
"EPdoc-14-19_1032";"2015-07-07";"Budget";"http://www.votewatch.eu/en/term8-draft-amending-budget-no-5-2015-responding-to-migratory-pressures-motion-for-resolution-vote-resolut.html"
"EPdoc-14-19_1036";"2015-07-07";"Agriculture";"http://www.votewatch.eu/en/term8-review-of-the-implementation-of-the-dairy-package-motion-for-resolution-vote-resolution.html"
"EPdoc-14-19_1037";"2015-07-07";"International trade";"http://www.votewatch.eu/en/term8-external-impact-of-eu-trade-and-investment-policy-outside-the-eu-motion-for-resolution-vote-inta-com.html"
"EPdoc-14-19_1038";"2015-07-07";"Agriculture";"http://www.votewatch.eu/en/term8-the-fruit-and-vegetables-sector-since-the-2007-reform-motion-for-resolution-vote-resolution.html"
"EPdoc-14-19_989";"2015-06-24";"Economic & monetary affairs";"http://www.votewatch.eu/en/term8-european-fund-for-strategic-investments-draft-legislative-resolution-vote-legislative-resolution-ord.html"
"EPdoc-14-19_990";"2015-06-24";"Budget";"http://www.votewatch.eu/en/term8-mobilisation-of-the-european-globalisation-adjustment-fund-application-egf-2015-000-ta-2015-technica.html"
"EPdoc-14-19_541";"2015-03-25";"Economic & monetary affairs";"http://www.votewatch.eu/en/term8-annual-tax-report-motion-for-resolution-vote-resolution.html"
"EPdoc-14-19_1023";"2015-06-24";"Economic & monetary affairs";"http://www.votewatch.eu/en/term8-review-of-the-economic-governance-framework-stocktaking-and-challenges-motion-for-resolution-vote-ec.html"
"EPdoc-14-19_969";"2015-06-11";"Foreign & security policy";"http://www.votewatch.eu/en/term8-paraguay-the-legal-aspects-related-to-the-child-pregnancy-motion-by-epp-ecr-joint-motion-for-resolut.html"
"EPdoc-14-19_971";"2015-06-11";"Foreign & security policy";"http://www.votewatch.eu/en/term8-situation-in-nepal-after-the-earthquakes-joint-motion-for-resolution-vote-resolution.html"
"EPdoc-14-19_986";"2015-06-11";"Foreign & security policy";"http://www.votewatch.eu/en/term8-strategic-military-situation-in-the-black-sea-basin-following-the-illegal-annexation-of-crimea-by-ru-15.html"
"EPdoc-14-19_928";"2015-06-10";"Internal regulations of the EP";"http://www.votewatch.eu/en/term8-postponement-of-the-debate-on-ttip-proposal-for-a-decision-vote-decision.html"
"EPdoc-14-19_943";"2015-06-10";"Foreign & security policy";"http://www.votewatch.eu/en/term8-state-of-eu-russia-relations-motion-for-resolution-vote-resolution.html"
"EPdoc-14-19_959";"2015-06-10";"Industry, research & energy";"http://www.votewatch.eu/en/term8-european-energy-security-strategy-motion-for-resolution-vote-resolution.html"
"EPdoc-14-19_960";"2015-06-10";"Constitutional and inter-institutional affairs";"http://www.votewatch.eu/en/term8-olaf-supervisory-committee-s-annual-report-2014-joint-motion-for-resolution-vote-resolution.html"
"EPdoc-14-19_968";"2015-06-10";"Foreign & security policy";"http://www.votewatch.eu/en/term8-2014-progress-report-on-turkey-motion-for-resolution-vote-resolution.html"
"EPdoc-14-19_933";"2015-06-10";"Civil liberties, justice & home affairs";"http://www.votewatch.eu/en/term8-accession-of-croatia-to-the-convention-on-the-fight-against-corruption-involving-ec-officials-or-off.html"
"EPdoc-14-19_931";"2015-06-10";"Environment & public health";"http://www.votewatch.eu/en/term8-eu-iceland-agreement-on-iceland-participation-in-the-second-commitment-period-of-the-kyoto-protocol-.html"
"EPdoc-14-19_932";"2015-06-10";"Civil liberties, justice & home affairs";"http://www.votewatch.eu/en/term8-accession-of-croatia-to-the-convention-on-mutual-assistance-in-criminal-matters-draft-legislative-re.html"
"EPdoc-14-19_929";"2015-06-10";"Environment & public health";"http://www.votewatch.eu/en/term8-conclusion-of-the-doha-amendment-to-the-kyoto-protocol-draft-legislative-resolution-approbation-cons.html"
"EPdoc-14-19_913";"2015-06-09";"Agriculture";"http://www.votewatch.eu/en/term8-adjustment-rate-for-direct-payments-in-respect-of-2015-draft-legislative-resolution-single-vote-ordi.html"
"EPdoc-14-19_925";"2015-06-09";"Gender equality";"http://www.votewatch.eu/en/term8-eu-strategy-for-equality-between-women-and-men-post-2015-motion-for-resolution-vote-femm-committee-r.html"
"EPdoc-14-19_926";"2015-06-09";"International trade";"http://www.votewatch.eu/en/term8-intellectual-property-rights-in-third-countries-motion-for-resolution-vote-resolution.html"
"EPdoc-14-19_927";"2015-06-09";"Legal affairs";"http://www.votewatch.eu/en/term8-intellectual-property-rights-an-eu-action-plan-motion-for-resolution-vote-resolution.html"
"EPdoc-14-19_912";"2015-05-27";"Environment & public health";"http://www.votewatch.eu/en/term8-decision-on-the-opening-of-and-mandate-for-interinstitutional-negotiations-on-aid-scheme-for-the-sup-4.html"
"EPdoc-14-19_878";"2015-05-21";"Foreign & security policy";"http://www.votewatch.eu/en/term8-swaziland-the-case-of-human-rights-activists-thulani-maseko-and-bheki-makhubu-joint-motion-for-resol-3.html"
"EPdoc-14-19_895";"2015-05-21";"Foreign & security policy";"http://www.votewatch.eu/en/term8-implementation-of-the-common-security-and-defence-policy-motion-for-resolution-vote-resolution.html"
"EPdoc-14-19_904";"2015-05-21";"Foreign & security policy";"http://www.votewatch.eu/en/term8-financing-the-common-security-and-defence-policy-motion-for-resolution-vote-resolution.html"
"EPdoc-14-19_908";"2015-05-21";"Foreign & security policy";"http://www.votewatch.eu/en/term8-security-and-defence-capabilities-in-europe-motion-for-resolution-vote-resolution.html"
"EPdoc-14-19_827";"2015-05-20";"Development";"http://www.votewatch.eu/en/term8-trade-development-and-cooperation-agreement-with-south-africa-protocol-to-take-account-of-the-access.html"
"EPdoc-14-19_856";"2015-05-20";"International trade";"http://www.votewatch.eu/en/term8-self-certification-of-importers-of-minerals-and-metals-originating-in-conflict-affected-and-high-ris-29.html"
"EPdoc-14-19_857";"2015-05-20";"Industry, research & energy";"http://www.votewatch.eu/en/term8-cadmium-in-illumination-and-display-lighting-applications-motion-for-resolution-vote-resolution.html"
"EPdoc-14-19_859";"2015-05-20";"Employment & social affairs";"http://www.votewatch.eu/en/term8-maternity-leave-motion-for-resolution-vote-resolution.html"
"EPdoc-14-19_861";"2015-05-20";"Environment & public health";"http://www.votewatch.eu/en/term8-outbreak-of-xylella-fastidiosa-affecting-olive-trees-motion-by-efdd-gue-ngl-motion-for-resolution-vo.html"
"EPdoc-14-19_875";"2015-05-20";"Environment & public health";"http://www.votewatch.eu/en/term8-outbreak-of-xylella-fastidiosa-affecting-olive-trees-motion-for-resolution-vote-resolution.html"
"EPdoc-14-19_823";"2015-05-19";"Environment & public health";"http://www.votewatch.eu/en/term8-safer-healthcare-in-europe-motion-for-resolution-vote-resolution.html"
"EPdoc-14-19_826";"2015-05-19";"Industry, research & energy";"http://www.votewatch.eu/en/term8-green-growth-opportunities-for-smes-motion-for-resolution-vote-resolution.html"
"EPdoc-14-19_810";"2015-05-19";"Legal affairs";"http://www.votewatch.eu/en/term8-safeguard-measures-provided-for-in-the-agreement-with-the-swiss-confederation-draft-legislative-reso.html"
"EPdoc-14-19_811";"2015-05-19";"Legal affairs";"http://www.votewatch.eu/en/term8-european-convention-on-the-legal-protection-of-services-based-on-or-consisting-of-conditional-access.html"
"EPdoc-14-19_821";"2015-05-19";"Development";"http://www.votewatch.eu/en/term8-financing-for-development-motion-for-resolution-vote-resolution.html"
"EPdoc-14-19_805";"2015-04-30";"Economic & monetary affairs";"http://www.votewatch.eu/en/term8-european-investment-bank-annual-report-2013-motion-for-resolution-vote-resolution.html"
"EPdoc-14-19_808";"2015-04-30";"Culture & education";"http://www.votewatch.eu/en/term8-motions-for-resolutions-expo-milano-2015-feeding-the-planet-energy-for-life-motion-for-resolution-vo.html"
"EPdoc-14-19_809";"2015-04-30";"Foreign & security policy";"http://www.votewatch.eu/en/term8-situation-in-nigeria-joint-motion-for-resolution-vote-resolution.html"
"EPdoc-14-19_790";"2015-04-30";"Foreign & security policy";"http://www.votewatch.eu/en/term8-persecution-of-the-christians-around-the-world-in-relation-to-the-killing-of-students-in-kenya-by-te-16.html"
"EPdoc-14-19_791";"2015-04-30";"Foreign & security policy";"http://www.votewatch.eu/en/term8-motions-for-resolutions-destruction-of-cultural-sites-perpetrated-by-isis-da-esh-joint-motion-for-re.html"
"EPdoc-14-19_776";"2015-04-30";"Foreign & security policy";"http://www.votewatch.eu/en/term8-persecution-of-the-christians-around-the-world-in-relation-to-the-killing-of-students-in-kenya-by-te-2.html"
"EPdoc-14-19_569";"2015-04-29";"Employment & social affairs";"http://www.votewatch.eu/en/term8-pre-financing-of-operational-programmes-supported-by-the-youth-employment-initiative-draft-legislati.html"
"EPdoc-14-19_570";"2015-04-29";"International trade";"http://www.votewatch.eu/en/term8-repeal-of-council-regulation-eec-no-3030-93-on-common-rules-for-imports-of-certain-textile-products-.html"
"EPdoc-14-19_571";"2015-04-29";"Legal affairs";"http://www.votewatch.eu/en/term8-safeguard-measures-provided-for-in-the-agreement-with-norway-draft-legislative-resolution-single-vot.html"
"EPdoc-14-19_572";"2015-04-29";"Legal affairs";"http://www.votewatch.eu/en/term8-stabilisation-and-association-agreement-with-albania-draft-legislative-resolution-single-vote-ordina.html"
"EPdoc-14-19_573";"2015-04-29";"Legal affairs";"http://www.votewatch.eu/en/term8-stabilisation-and-association-agreement-and-interim-agreement-on-trade-and-trade-related-matters-wit.html"
"EPdoc-14-19_574";"2015-04-29";"Legal affairs";"http://www.votewatch.eu/en/term8-stabilisation-and-association-agreement-with-the-former-yugoslav-republic-of-macedonia-draft-legisla.html"
"EPdoc-14-19_575";"2015-04-29";"Legal affairs";"http://www.votewatch.eu/en/term8-application-of-articles-107-and-108-tfeu-to-certain-categories-of-horizontal-state-aid-draft-legisla.html"
"EPdoc-14-19_576";"2015-04-29";"Legal affairs";"http://www.votewatch.eu/en/term8-rules-for-the-application-of-article-108-tfeu-draft-legislative-resolution-single-vote-consultation.html"
"EPdoc-14-19_577";"2015-04-29";"Budgetary control";"http://www.votewatch.eu/en/term8-discharge-2013-eu-general-budget-european-commission-and-executive-agencies-proposal-for-a-decision-.html"
"EPdoc-14-19_593";"2015-04-29";"Budgetary control";"http://www.votewatch.eu/en/term8-court-of-auditors-special-reports-in-the-context-of-the-2013-commission-discharge-motion-for-resolut.html"
"EPdoc-14-19_594";"2015-04-29";"Budgetary control";"http://www.votewatch.eu/en/term8-discharge-2013-eu-general-budget-8th-9th-and-10th-edfs-proposal-for-a-decision-vote-decision.html"
"EPdoc-14-19_596";"2015-04-29";"Budgetary control";"http://www.votewatch.eu/en/term8-discharge-2013-eu-general-budget-european-parliament-proposal-for-a-decision-vote-decision.html"
"EPdoc-14-19_613";"2015-04-29";"Budgetary control";"http://www.votewatch.eu/en/term8-discharge-2013-eu-general-budget-european-council-and-council-proposal-for-a-decision-vote-decision.html"
"EPdoc-14-19_615";"2015-04-29";"Budgetary control";"http://www.votewatch.eu/en/term8-discharge-2013-eu-general-budget-european-external-action-service-proposal-for-a-decision-vote-decis.html"
"EPdoc-14-19_618";"2015-04-29";"Budgetary control";"http://www.votewatch.eu/en/term8-discharge-2013-eu-general-budget-court-of-justice-proposal-for-a-decision-vote-decision.html"
"EPdoc-14-19_620";"2015-04-29";"Budgetary control";"http://www.votewatch.eu/en/term8-discharge-2013-eu-general-budget-court-of-auditors-proposal-for-a-decision-vote-decision.html"
"EPdoc-14-19_622";"2015-04-29";"Budgetary control";"http://www.votewatch.eu/en/term8-discharge-2013-eu-general-budget-economic-and-social-committee-proposal-for-a-decision-vote-decision.html"
"EPdoc-14-19_624";"2015-04-29";"Budgetary control";"http://www.votewatch.eu/en/term8-discharge-2013-eu-general-budget-committee-of-the-regions-proposal-for-a-decision-vote-decision.html"
"EPdoc-14-19_626";"2015-04-29";"Budgetary control";"http://www.votewatch.eu/en/term8-discharge-2013-eu-general-budget-european-ombudsman-proposal-for-a-decision-vote-decision.html"
"EPdoc-14-19_628";"2015-04-29";"Budgetary control";"http://www.votewatch.eu/en/term8-discharge-2013-eu-general-budget-european-data-protection-supervisor-proposal-for-a-decision-vote-de.html"
"EPdoc-14-19_631";"2015-04-29";"Budgetary control";"http://www.votewatch.eu/en/term8-2013-discharge-performance-financial-management-and-control-of-eu-agencies-motion-for-resolution-vot.html"
"EPdoc-14-19_632";"2015-04-29";"Budgetary control";"http://www.votewatch.eu/en/term8-discharge-2013-agency-for-the-cooperation-of-energy-regulators-acer-proposal-for-a-decision-vote-dec.html"
"EPdoc-14-19_634";"2015-04-29";"Budgetary control";"http://www.votewatch.eu/en/term8-discharge-2013-office-of-the-body-of-european-regulators-for-electronic-communications-berec-proposa.html"
"EPdoc-14-19_636";"2015-04-29";"Budgetary control";"http://www.votewatch.eu/en/term8-discharge-2013-translation-centre-for-the-bodies-of-the-european-union-cdt-proposal-for-a-decision-v.html"
"EPdoc-14-19_638";"2015-04-29";"Budgetary control";"http://www.votewatch.eu/en/term8-discharge-2013-european-centre-for-the-development-of-vocational-training-cedefop-proposal-for-a-dec.html"
"EPdoc-14-19_640";"2015-04-29";"Budgetary control";"http://www.votewatch.eu/en/term8-discharge-2013-european-police-college-cepol-proposal-for-a-decision-vote-decision.html"
"EPdoc-14-19_642";"2015-04-29";"Budgetary control";"http://www.votewatch.eu/en/term8-discharge-2013-european-aviation-safety-agency-easa-proposal-for-a-decision-vote-decision.html"
"EPdoc-14-19_644";"2015-04-29";"Budgetary control";"http://www.votewatch.eu/en/term8-discharge-2013-european-asylum-support-office-easo-proposal-for-a-decision-vote-decision.html"
"EPdoc-14-19_646";"2015-04-29";"Budgetary control";"http://www.votewatch.eu/en/term8-discharge-2013-european-banking-authority-eba-proposal-for-a-decision-vote-decision.html"
"EPdoc-14-19_648";"2015-04-29";"Budgetary control";"http://www.votewatch.eu/en/term8-discharge-2013-european-centre-for-disease-prevention-and-control-ecdc-proposal-for-a-decision-vote-.html"
"EPdoc-14-19_650";"2015-04-29";"Budgetary control";"http://www.votewatch.eu/en/term8-discharge-2013-european-chemicals-agency-echa-proposal-for-a-decision-vote-decision.html"
"EPdoc-14-19_652";"2015-04-29";"Budgetary control";"http://www.votewatch.eu/en/term8-discharge-2013-european-environment-agency-eea-proposal-for-a-decision-vote-decision.html"
"EPdoc-14-19_654";"2015-04-29";"Budgetary control";"http://www.votewatch.eu/en/term8-discharge-2013-european-fisheries-control-agency-efca-proposal-for-a-decision-vote-decision.html"
"EPdoc-14-19_656";"2015-04-29";"Budgetary control";"http://www.votewatch.eu/en/term8-discharge-2013-european-food-safety-authority-efsa-proposal-for-a-decision-vote-decision.html"
"EPdoc-14-19_658";"2015-04-29";"Budgetary control";"http://www.votewatch.eu/en/term8-discharge-2013-european-institute-for-gender-equality-eige-proposal-for-a-decision-vote-decision.html"
"EPdoc-14-19_660";"2015-04-29";"Budgetary control";"http://www.votewatch.eu/en/term8-discharge-2013-european-insurance-and-occupational-pensions-authority-eiopa-proposal-for-a-decision-.html"
"EPdoc-14-19_662";"2015-04-29";"Budgetary control";"http://www.votewatch.eu/en/term8-discharge-2013-european-institute-of-innovation-and-technology-eit-proposal-for-a-decision-vote-deci.html"
"EPdoc-14-19_664";"2015-04-29";"Budgetary control";"http://www.votewatch.eu/en/term8-discharge-2013-european-medicines-agency-ema-proposal-for-a-decision-vote-decision.html"
"EPdoc-14-19_666";"2015-04-29";"Budgetary control";"http://www.votewatch.eu/en/term8-discharge-2013-european-monitoring-centre-for-drugs-and-drug-addiction-emcdda-proposal-for-a-decisio.html"
"EPdoc-14-19_668";"2015-04-29";"Budgetary control";"http://www.votewatch.eu/en/term8-discharge-2013-european-maritime-safety-agency-emsa-proposal-for-a-decision-vote-decision.html"
"EPdoc-14-19_670";"2015-04-29";"Budgetary control";"http://www.votewatch.eu/en/term8-discharge-2013-european-union-agency-for-network-and-information-security-enisa-proposal-for-a-decis.html"
"EPdoc-14-19_672";"2015-04-29";"Budgetary control";"http://www.votewatch.eu/en/term8-discharge-2013-european-railway-agency-era-proposal-for-a-decision-vote-decision.html"
"EPdoc-14-19_674";"2015-04-29";"Budgetary control";"http://www.votewatch.eu/en/term8-discharge-2013-european-securities-and-markets-authority-esma-proposal-for-a-decision-vote-decision.html"
"EPdoc-14-19_676";"2015-04-29";"Budgetary control";"http://www.votewatch.eu/en/term8-discharge-2013-european-training-foundation-etf-proposal-for-a-decision-vote-decision.html"
"EPdoc-14-19_678";"2015-04-29";"Budgetary control";"http://www.votewatch.eu/en/term8-discharge-2013-european-agency-for-the-operational-management-of-large-scale-it-systems-in-the-area-.html"
"EPdoc-14-19_680";"2015-04-29";"Budgetary control";"http://www.votewatch.eu/en/term8-discharge-2013-european-agency-for-safety-and-health-at-work-eu-osha-proposal-for-a-decision-vote-de.html"
"EPdoc-14-19_682";"2015-04-29";"Budgetary control";"http://www.votewatch.eu/en/term8-discharge-2013-euratom-supply-agency-euratom-proposal-for-a-decision-vote-decision.html"
"EPdoc-14-19_684";"2015-04-29";"Budgetary control";"http://www.votewatch.eu/en/term8-discharge-2013-european-foundation-for-the-improvement-of-living-and-working-conditions-eurofound-pr.html"
"EPdoc-14-19_686";"2015-04-29";"Budgetary control";"http://www.votewatch.eu/en/term8-discharge-2013-the-european-union-s-judicial-cooperation-unit-eurojust-proposal-for-a-decision-vote-.html"
"EPdoc-14-19_688";"2015-04-29";"Budgetary control";"http://www.votewatch.eu/en/term8-discharge-2013-european-police-office-europol-proposal-for-a-decision-vote-decision.html"
"EPdoc-14-19_690";"2015-04-29";"Budgetary control";"http://www.votewatch.eu/en/term8-discharge-2013-european-union-fundamental-rights-agency-fra-proposal-for-a-decision-vote-decision.html"
"EPdoc-14-19_692";"2015-04-29";"Budgetary control";"http://www.votewatch.eu/en/term8-discharge-2013-european-agency-for-the-management-of-operational-cooperation-at-the-external-borders.html"
"EPdoc-14-19_694";"2015-04-29";"Budgetary control";"http://www.votewatch.eu/en/term8-discharge-2013-european-gnss-agency-gnss-proposal-for-a-decision-vote-decision.html"
"EPdoc-14-19_696";"2015-04-29";"Budgetary control";"http://www.votewatch.eu/en/term8-discharge-2013-artemis-joint-undertaking-proposal-for-a-decision-vote-decision.html"
"EPdoc-14-19_698";"2015-04-29";"Budgetary control";"http://www.votewatch.eu/en/term8-discharge-2013-clean-sky-joint-undertaking-proposal-for-a-decision-vote-decision.html"
"EPdoc-14-19_700";"2015-04-29";"Budgetary control";"http://www.votewatch.eu/en/term8-discharge-2013-eniac-joint-undertaking-proposal-for-a-decision-vote-decision.html"
"EPdoc-14-19_702";"2015-04-29";"Budgetary control";"http://www.votewatch.eu/en/term8-discharge-2013-fuel-cells-and-hydrogen-joint-undertaking-proposal-for-a-decision-vote-decision.html"
"EPdoc-14-19_704";"2015-04-29";"Budgetary control";"http://www.votewatch.eu/en/term8-discharge-2013-innovative-medicines-initiative-joint-undertaking-proposal-for-a-decision-vote-decisi.html"
"EPdoc-14-19_706";"2015-04-29";"Budgetary control";"http://www.votewatch.eu/en/term8-discharge-2013-joint-undertaking-for-iter-and-the-development-of-fusion-energy-proposal-for-a-decisi.html"
"EPdoc-14-19_708";"2015-04-29";"Budgetary control";"http://www.votewatch.eu/en/term8-discharge-2013-sesar-joint-undertaking-proposal-for-a-decision-vote-decision.html"
"EPdoc-14-19_725";"2015-04-29";"Economic & monetary affairs";"http://www.votewatch.eu/en/term8-money-market-funds-draft-legislative-resolution-vote-commission-proposal-ordinary-legislative-proced.html"
"EPdoc-14-19_726";"2015-04-29";"International trade";"http://www.votewatch.eu/en/term8-imports-of-textile-products-from-certain-third-countries-not-covered-by-specific-union-import-rules-.html"
"EPdoc-14-19_484";"2015-03-12";"Foreign & security policy";"http://www.votewatch.eu/en/term8-south-sudan-including-recent-child-abductions-joint-motion-for-resolution-vote-resolution.html"
"EPdoc-14-19_745";"2015-04-29";"Budget";"http://www.votewatch.eu/en/term8-estimates-of-revenue-and-expenditure-for-the-financial-year-2016-section-i-parliament-motion-for-res-19.html"
"EPdoc-14-19_746";"2015-04-29";"Civil liberties, justice & home affairs";"http://www.votewatch.eu/en/term8-european-public-prosecutor-s-office-motion-for-resolution-vote-resolution.html"
"EPdoc-14-19_758";"2015-04-29";"Foreign & security policy";"http://www.votewatch.eu/en/term8-second-anniversary-of-the-rana-plaza-building-collapse-and-the-state-of-play-of-the-sustainability-c-10.html"
"EPdoc-14-19_773";"2015-04-29";"Civil liberties, justice & home affairs";"http://www.votewatch.eu/en/term8-report-of-the-extraordinary-european-council-meeting-23-april-2015-the-latest-tragedies-in-the-medit-15.html"
"EPdoc-14-19_550";"2015-04-28";"Employment & social affairs";"http://www.votewatch.eu/en/term8-international-convention-on-standards-for-fishing-vessel-personnel-draft-legislative-resolution-appr.html"
"EPdoc-14-19_551";"2015-04-28";"Budget";"http://www.votewatch.eu/en/term8-draft-amending-budget-no-2-2015-revision-of-the-mff-for-2014-2020-motion-for-resolution-single-vote.html"
"EPdoc-14-19_564";"2015-04-28";"Fisheries";"http://www.votewatch.eu/en/term8-landing-obligation-draft-legislative-resolution-vote-legislative-resolution-ordinary-legislative-pro.html"
"EPdoc-14-19_565";"2015-04-28";"Foreign & security policy";"http://www.votewatch.eu/en/term8-protocol-to-the-partnership-and-cooperation-agreement-between-the-ec-and-russia-to-take-account-of-t.html"
"EPdoc-14-19_566";"2015-04-28";"Culture & education";"http://www.votewatch.eu/en/term8-implementation-of-the-bologna-process-motion-for-resolution-vote-cult-committee-resolution.html"
"EPdoc-14-19_567";"2015-04-28";"Culture & education";"http://www.votewatch.eu/en/term8-european-film-in-the-digital-era-motion-for-resolution-vote-resolution.html"
"EPdoc-14-19_568";"2015-04-28";"Agriculture";"http://www.votewatch.eu/en/term8-a-new-eu-forest-strategy-motion-for-resolution-vote-resolution.html"
"EPdoc-14-19_542";"2015-04-15";"Budget";"http://www.votewatch.eu/en/term8-mobilisation-of-the-european-globalisation-adjustment-fund-application-egf-2014-017-fr-mory-ducros-m.html"
"EPdoc-14-19_543";"2015-04-15";"Employment & social affairs";"http://www.votewatch.eu/en/term8-decision-establishing-the-social-protection-committee-draft-legislative-resolution-single-vote-consu.html"
"EPdoc-14-19_544";"2015-04-15";"Employment & social affairs";"http://www.votewatch.eu/en/term8-decision-establishing-the-employment-committee-draft-legislative-resolution-single-vote-consultation.html"
"EPdoc-14-19_545";"2015-04-15";"Budget";"http://www.votewatch.eu/en/term8-amendment-of-the-mff-2014-2020-draft-legislative-resolution-approbation-consent.html"
"EPdoc-14-19_548";"2015-04-15";"Civil liberties, justice & home affairs";"http://www.votewatch.eu/en/term8-international-roma-day-anti-gypsyism-in-europe-and-eu-recognition-of-the-memorial-day-of-the-roma-ge-3.html"
"EPdoc-14-19_523";"2015-03-25";"Budget";"http://www.votewatch.eu/en/term8-mobilisation-of-the-european-globalisation-adjustment-fund-application-egf-2014-018-gr-attica-broadc.html"
"EPdoc-14-19_524";"2015-03-25";"Budget";"http://www.votewatch.eu/en/term8-mobilisation-of-the-european-globalisation-adjustment-fund-application-egf-2014-015-gr-attica-publis.html"
"EPdoc-14-19_525";"2015-03-25";"Budget";"http://www.votewatch.eu/en/term8-mobilisation-of-the-european-globalisation-adjustment-fund-application-egf-2014-016-ie-lufthansa-tec.html"
"EPdoc-14-19_538";"2015-03-25";"International trade";"http://www.votewatch.eu/en/term8-macro-financial-assistance-to-ukraine-draft-legislative-resolution-vote-legislative-resolution-ordin.html"
"EPdoc-14-19_499";"2015-03-12";"Foreign & security policy";"http://www.votewatch.eu/en/term8-annual-report-from-the-high-representative-of-the-european-union-for-foreign-affairs-and-security-po-14.html"
"EPdoc-14-19_507";"2015-03-12";"Foreign & security policy";"http://www.votewatch.eu/en/term8-annual-report-on-human-rights-and-democracy-in-the-world-2013-and-the-eu-policy-on-the-matter-motion-8.html"
"EPdoc-14-19_516";"2015-03-12";"Fisheries";"http://www.votewatch.eu/en/term8-sustainable-exploitation-of-sea-bass-motion-for-resolution-vote-resolution.html"
"EPdoc-14-19_522";"2015-03-12";"Foreign & security policy";"http://www.votewatch.eu/en/term8-situation-in-venezuela-joint-motion-for-resolution-vote-resolution.html"
"EPdoc-14-19_439";"2015-03-11";"International trade";"http://www.votewatch.eu/en/term8-common-rules-for-imports-from-certain-third-countries-draft-legislative-resolution-single-vote-ordin.html"
"EPdoc-14-19_440";"2015-03-11";"Legal affairs";"http://www.votewatch.eu/en/term8-stabilisation-and-association-agreement-with-montenegro-draft-legislative-resolution-single-vote-ord.html"
"EPdoc-14-19_441";"2015-03-11";"Legal affairs";"http://www.votewatch.eu/en/term8-union-tariff-quotas-for-high-quality-beef-and-for-pigmeat-poultrymeat-wheat-and-meslin-and-brans-sha.html"
"EPdoc-14-19_442";"2015-03-11";"Legal affairs";"http://www.votewatch.eu/en/term8-import-into-the-union-of-agricultural-products-originating-in-turkey-draft-legislative-resolution-si.html"
"EPdoc-14-19_443";"2015-03-11";"Legal affairs";"http://www.votewatch.eu/en/term8-suspending-certain-concessions-relating-to-the-import-into-the-union-of-agricultural-products-origin.html"
"EPdoc-14-19_444";"2015-03-11";"Fisheries";"http://www.votewatch.eu/en/term8-establishment-of-the-general-fisheries-commission-for-the-mediterranean-draft-legislative-resolution.html"
"EPdoc-14-19_455";"2015-03-11";"Budget";"http://www.votewatch.eu/en/term8-guidelines-for-the-2016-budget-section-iii-motion-for-resolution-vote-resolution.html"
"EPdoc-14-19_460";"2015-03-11";"Budgetary control";"http://www.votewatch.eu/en/term8-annual-report-2013-on-the-protection-of-eu-s-financial-interests-fight-against-fraud-motion-for-reso-5.html"
"EPdoc-14-19_462";"2015-03-11";"Economic & monetary affairs";"http://www.votewatch.eu/en/term8-european-semester-for-economic-policy-coordination-annual-growth-survey-2015-motion-for-resolution-v.html"
"EPdoc-14-19_479";"2015-03-11";"Employment & social affairs";"http://www.votewatch.eu/en/term8-european-semester-for-economic-policy-coordination-employment-and-social-aspects-in-the-annual-growt-17.html"
"EPdoc-14-19_481";"2015-03-11";"Internal market & consumer protection";"http://www.votewatch.eu/en/term8-single-market-governance-within-the-european-semester-2015-motion-for-resolution-vote-resolution.html"
"EPdoc-14-19_482";"2015-03-11";"Civil liberties, justice & home affairs";"http://www.votewatch.eu/en/term8-fight-against-child-sexual-abuse-on-the-internet-joint-motion-for-resolution-vote-resolution.html"
"EPdoc-14-19_380";"2015-03-10";"Budget";"http://www.votewatch.eu/en/term8-mobilisation-of-the-european-globalisation-adjustment-fund-application-egf-2013-009-pl-zachem-motion.html"
"EPdoc-14-19_381";"2015-03-10";"Budget";"http://www.votewatch.eu/en/term8-mobilisation-of-the-european-globalisation-adjustment-fund-application-egf-2014-014-de-aleo-solar-mo.html"
"EPdoc-14-19_382";"2015-03-10";"Budget";"http://www.votewatch.eu/en/term8-mobilisation-of-the-european-globalisation-adjustment-fund-application-egf-2013-007-be-hainaut-steel.html"
"EPdoc-14-19_383";"2015-03-10";"Budget";"http://www.votewatch.eu/en/term8-mobilisation-of-the-european-globalisation-adjustment-fund-application-egf-2014-012-be-arcelormittal.html"
"EPdoc-14-19_384";"2015-03-10";"Budget";"http://www.votewatch.eu/en/term8-mobilisation-of-the-european-globalisation-adjustment-fund-application-egf-2014-011-be-caterpillar-m.html"
"EPdoc-14-19_385";"2015-03-10";"Economic & monetary affairs";"http://www.votewatch.eu/en/term8-european-long-term-investment-funds-draft-legislative-resolution-vote-legislative-resolution-ordinar.html"
"EPdoc-14-19_386";"2015-03-10";"Economic & monetary affairs";"http://www.votewatch.eu/en/term8-interchange-fees-for-card-based-payment-transactions-draft-legislative-resolution-vote-legislative-r.html"
"EPdoc-14-19_387";"2015-03-10";"Budget";"http://www.votewatch.eu/en/term8-mobilisation-of-the-european-globalisation-adjustment-fund-application-egf-2013-011-be-saint-gobain-.html"
"EPdoc-14-19_418";"2015-03-10";"Gender equality";"http://www.votewatch.eu/en/term8-progress-on-equality-between-women-and-men-in-the-eu-in-2013-motion-for-resolution-vote-resolution.html"
"EPdoc-14-19_437";"2015-03-10";"Economic & monetary affairs";"http://www.votewatch.eu/en/term8-annual-report-on-eu-competition-policy-motion-for-resolution-vote-resolution.html"
"EPdoc-14-19_438";"2015-03-10";"Economic & monetary affairs";"http://www.votewatch.eu/en/term8-european-central-bank-annual-report-for-2013-motion-for-resolution-vote-resolution.html"
"EPdoc-14-19_373";"2015-02-12";"Foreign & security policy";"http://www.votewatch.eu/en/term8-saudi-arabia-the-case-of-raif-badawi-joint-motion-for-resolution-vote-resolution.html"
"EPdoc-14-19_374";"2015-02-12";"Foreign & security policy";"http://www.votewatch.eu/en/term8-mass-graves-of-the-missing-persons-of-ashia-at-ornithi-village-in-the-occupied-part-of-cyprus-joint-.html"
"EPdoc-14-19_376";"2015-02-12";"Constitutional and inter-institutional affairs";"http://www.votewatch.eu/en/term8-setting-up-a-special-committee-on-tax-rulings-proposal-for-a-decision-vote-decision.html"
"EPdoc-14-19_329";"2015-02-11";"Legal affairs";"http://www.votewatch.eu/en/term8-safeguard-measures-provided-for-in-the-agreement-with-iceland-draft-legislative-resolution-single-vo.html"
"EPdoc-14-19_330";"2015-02-11";"Legal affairs";"http://www.votewatch.eu/en/term8-measures-concerning-anti-dumping-and-anti-subsidy-matters-draft-legislative-resolution-single-vote-o.html"
"EPdoc-14-19_331";"2015-02-11";"Legal affairs";"http://www.votewatch.eu/en/term8-combined-effect-of-anti-dumping-and-anti-subsidy-measures-with-safeguard-measures-draft-legislative-.html"
"EPdoc-14-19_332";"2015-02-11";"Legal affairs";"http://www.votewatch.eu/en/term8-common-rules-for-imports-draft-legislative-resolution-single-vote-ordinary-legislative-procedure-fir.html"
"EPdoc-14-19_333";"2015-02-11";"Legal affairs";"http://www.votewatch.eu/en/term8-common-rules-for-exports-draft-legislative-resolution-single-vote-ordinary-legislative-procedure-fir.html"
"EPdoc-14-19_334";"2015-02-11";"Legal affairs";"http://www.votewatch.eu/en/term8-accession-of-gabon-to-the-1980-hague-convention-on-the-civil-aspects-of-international-child-abductio.html"
"EPdoc-14-19_335";"2015-02-11";"Legal affairs";"http://www.votewatch.eu/en/term8-accession-of-andorra-to-the-1980-hague-convention-on-the-civil-aspects-of-international-child-abduct.html"
"EPdoc-14-19_336";"2015-02-11";"Legal affairs";"http://www.votewatch.eu/en/term8-accession-of-the-seychelles-to-the-1980-hague-convention-on-the-civil-aspects-of-international-child.html"
"EPdoc-14-19_337";"2015-02-11";"Legal affairs";"http://www.votewatch.eu/en/term8-accession-of-russia-to-the-1980-hague-convention-on-the-civil-aspects-of-international-child-abducti.html"
"EPdoc-14-19_338";"2015-02-11";"Legal affairs";"http://www.votewatch.eu/en/term8-accession-of-albania-to-the-1980-hague-convention-on-the-civil-aspects-of-international-child-abduct.html"
"EPdoc-14-19_339";"2015-02-11";"Legal affairs";"http://www.votewatch.eu/en/term8-accession-of-singapore-to-the-1980-hague-convention-on-the-civil-aspects-of-international-child-abdu.html"
"EPdoc-14-19_340";"2015-02-11";"Legal affairs";"http://www.votewatch.eu/en/term8-accession-of-morocco-to-the-1980-hague-convention-on-the-civil-aspects-of-international-child-abduct.html"
"EPdoc-14-19_341";"2015-02-11";"Legal affairs";"http://www.votewatch.eu/en/term8-accession-of-armenia-to-the-1980-hague-convention-on-the-civil-aspects-of-international-child-abduct.html"
"EPdoc-14-19_342";"2015-02-11";"Legal affairs";"http://www.votewatch.eu/en/term8-verification-of-credentials-proposal-for-a-decision-single-vote.html"
"EPdoc-14-19_343";"2015-02-11";"Transport & tourism";"http://www.votewatch.eu/en/term8-cross-border-exchange-of-information-on-road-safety-related-traffic-offences-draft-legislative-resol.html"
"EPdoc-14-19_344";"2015-02-11";"Fisheries";"http://www.votewatch.eu/en/term8-sustainable-fisheries-partnership-agreement-between-the-eu-and-senegal-draft-legislative-resolution-.html"
"EPdoc-14-19_349";"2015-02-11";"Foreign & security policy";"http://www.votewatch.eu/en/term8-us-senate-report-on-the-use-of-torture-by-the-cia-joint-motion-for-resolution-vote-resolution.html"
"EPdoc-14-19_353";"2015-02-11";"Foreign & security policy";"http://www.votewatch.eu/en/term8-anti-terrorism-measures-joint-motion-for-resolution-vote-resolution.html"
"EPdoc-14-19_369";"2015-02-11";"Environment & public health";"http://www.votewatch.eu/en/term8-country-of-origin-labelling-for-meat-in-processed-foods-motion-for-resolution-vote-resolution.html"
"EPdoc-14-19_372";"2015-02-11";"Development";"http://www.votewatch.eu/en/term8-the-work-of-the-acp-eu-joint-parliamentary-assembly-motion-for-resolution-vote-resolution.html"
"EPdoc-14-19_294";"2015-01-15";"Petitions";"http://www.votewatch.eu/en/term8-ombudsman-s-annual-report-2013-motion-for-resolution-vote-resolution.html"
"EPdoc-14-19_317";"2015-01-15";"Constitutional and inter-institutional affairs";"http://www.votewatch.eu/en/term8-commission-work-programme-2015-resolution-by-the-greens-efa-motion-for-resolution-vote-resolution.html"
"EPdoc-14-19_319";"2015-01-15";"Constitutional and inter-institutional affairs";"http://www.votewatch.eu/en/term8-commission-work-programme-2015-resolution-by-the-alde-motion-for-resolution-vote-resolution.html"
"EPdoc-14-19_326";"2015-01-15";"Constitutional and inter-institutional affairs";"http://www.votewatch.eu/en/term8-commission-work-programme-2015-resolution-by-the-s-d-motion-for-resolution-vote-resolution.html"
"EPdoc-14-19_327";"2015-01-15";"Constitutional and inter-institutional affairs";"http://www.votewatch.eu/en/term8-commission-work-programme-2015-resolution-by-the-efdd-motion-for-resolution-vote-resolution.html"
"EPdoc-14-19_283";"2015-01-13";"Fisheries";"http://www.votewatch.eu/en/term8-fisheries-partnership-agreement-between-the-eu-and-sao-tome-and-principe-fishing-opportunities-and-f.html"
"EPdoc-14-19_284";"2015-01-13";"Fisheries";"http://www.votewatch.eu/en/term8-eu-seychelles-agreement-on-access-for-fishing-vessels-to-waters-of-mayotte-draft-legislative-resolut.html"
"EPdoc-14-19_285";"2015-01-13";"Foreign & security policy";"http://www.votewatch.eu/en/term8-protocol-to-the-euro-mediterranean-agreement-between-the-ec-and-tunisia-to-take-account-of-the-acces.html"
"EPdoc-14-19_287";"2015-01-13";"Fisheries";"http://www.votewatch.eu/en/term8-provisions-for-fishing-in-the-gfcm-general-fisheries-commission-for-the-mediterranean-agreement-area.html"
"EPdoc-14-19_277";"2014-12-18";"Foreign & security policy";"http://www.votewatch.eu/en/term8-persecution-of-the-democratic-opposition-in-venezuela-joint-motion-for-resolution-vote-resolution.html"
"EPdoc-14-19_278";"2014-12-18";"Foreign & security policy";"http://www.votewatch.eu/en/term8-sudan-the-case-of-dr-amin-mekki-medani-joint-motion-for-resolution-vote-resolution.html"
"EPdoc-14-19_279";"2014-12-18";"Budget";"http://www.votewatch.eu/en/term8-applying-a-scheme-of-generalised-tariff-preferences-motion-for-resolution-vote-resolution.html"
"EPdoc-14-19_280";"2014-12-18";"Economic & monetary affairs";"http://www.votewatch.eu/en/term8-resolution-financing-agreements-motion-for-resolution-vote-resolution.html"
"EPdoc-14-19_281";"2014-12-18";"Foreign & security policy";"http://www.votewatch.eu/en/term8-conclusion-of-the-association-agreement-with-georgia-motion-for-resolution-vote-resolution.html"
"EPdoc-14-19_282";"2014-12-18";"Foreign & security policy";"http://www.votewatch.eu/en/term8-association-agreement-with-georgia-draft-legislative-resolution-approbation-consent.html"
"EPdoc-14-19_228";"2014-12-17";"International trade";"http://www.votewatch.eu/en/term8-autonomous-trade-preferences-for-the-republic-of-moldova-draft-legislative-resolution-single-vote-co.html"
"EPdoc-14-19_229";"2014-12-17";"International trade";"http://www.votewatch.eu/en/term8-tariff-treatment-for-goods-originating-from-ecuador-draft-legislative-resolution-single-vote-consent.html"
"EPdoc-14-19_230";"2014-12-17";"Budget";"http://www.votewatch.eu/en/term8-mobilisation-of-the-contingency-margin-in-2014-motion-for-resolution-vote-resolution.html"
"EPdoc-14-19_231";"2014-12-17";"Budget";"http://www.votewatch.eu/en/term8-draft-amending-budget-no-3-2014-revenue-from-fines-interest-payments-reimbursements-and-repayments-p.html"
"EPdoc-14-19_232";"2014-12-17";"Budget";"http://www.votewatch.eu/en/term8-draft-amending-budget-no-4-2014-traditional-own-resources-tor-vat-and-gross-national-income-gni-base.html"
"EPdoc-14-19_233";"2014-12-17";"Budget";"http://www.votewatch.eu/en/term8-mobilisation-of-the-eu-solidarity-fund-floods-in-italy-earthquakes-in-greece-ice-in-slovenia-ice-and.html"
"EPdoc-14-19_234";"2014-12-17";"Budget";"http://www.votewatch.eu/en/term8-draft-amending-budget-no-5-2014-floods-in-italy-sardinia-in-2013-earthquakes-in-greece-ice-in-sloven.html"
"EPdoc-14-19_235";"2014-12-17";"Budget";"http://www.votewatch.eu/en/term8-draft-amending-budget-no-6-2014-revision-of-the-forecast-of-traditional-own-resources-vat-and-gni-co.html"
"EPdoc-14-19_236";"2014-12-17";"Budget";"http://www.votewatch.eu/en/term8-mobilisation-of-the-eu-solidarity-fund-floods-in-serbia-croatia-and-bulgaria-motion-for-resolution-s.html"
"EPdoc-14-19_237";"2014-12-17";"Budget";"http://www.votewatch.eu/en/term8-draft-amending-budget-no-7-2014-floods-in-serbia-croatia-and-bulgaria-motion-for-resolution-single-v.html"
"EPdoc-14-19_238";"2014-12-17";"Budget";"http://www.votewatch.eu/en/term8-draft-amending-budget-no-8-2014-surplus-resulting-from-the-implementation-of-the-budget-year-2013-mo.html"
"EPdoc-14-19_239";"2014-12-17";"Budget";"http://www.votewatch.eu/en/term8-union-own-resources-adjustment-of-member-states-national-contributions-draft-legislative-resolution-.html"
"EPdoc-14-19_240";"2014-12-17";"Budget";"http://www.votewatch.eu/en/term8-mobilisation-of-the-eu-solidarity-fund-regions-affected-by-disasters-motion-for-resolution-single-vo.html"
"EPdoc-14-19_241";"2014-12-17";"Budget";"http://www.votewatch.eu/en/term8-mobilisation-of-the-flexibility-instrument-financing-of-the-cypriot-structural-funds-programmes-moti.html"
"EPdoc-14-19_257";"2014-12-17";"Environment & public health";"http://www.votewatch.eu/en/term8-quality-of-petrol-and-diesel-fuels-motion-for-resolution-vote-resolution.html"
"EPdoc-14-19_258";"2014-12-17";"Foreign & security policy";"http://www.votewatch.eu/en/term8-commission-delegated-regulation-eu-establishing-a-discard-plan-in-the-baltic-sea-motion-for-resoluti.html"
"EPdoc-14-19_259";"2014-12-17";"Internal market & consumer protection";"http://www.votewatch.eu/en/term8-taking-up-and-pursuit-of-the-business-of-insurance-and-reinsurance-solvency-ii-motion-for-resolution.html"
"EPdoc-14-19_260";"2014-12-17";"Foreign & security policy";"http://www.votewatch.eu/en/term8-recognition-of-palestine-statehood-joint-motion-for-resolution-vote-resolution.html"
"EPdoc-14-19_218";"2014-12-16";"Environment & public health";"http://www.votewatch.eu/en/term8-scientific-examination-of-questions-relating-to-food-draft-legislative-resolution-single-vote-ordina.html"
"EPdoc-14-19_219";"2014-12-16";"Environment & public health";"http://www.votewatch.eu/en/term8-convention-on-international-trade-in-endangered-species-cites-draft-legislative-resolution-approbati.html"
"EPdoc-14-19_220";"2014-12-16";"Industry, research & energy";"http://www.votewatch.eu/en/term8-cooperation-agreement-on-a-civil-global-navigation-satellite-system-gnss-with-morocco-draft-legislat.html"
"EPdoc-14-19_221";"2014-12-16";"Industry, research & energy";"http://www.votewatch.eu/en/term8-renewal-of-the-agreement-on-cooperation-in-science-and-technology-with-ukraine-draft-legislative-res.html"
"EPdoc-14-19_222";"2014-12-16";"International trade";"http://www.votewatch.eu/en/term8-participation-of-croatia-in-the-european-economic-area-draft-legislative-resolution-approbation-cons.html"
"EPdoc-14-19_223";"2014-12-16";"Regional development";"http://www.votewatch.eu/en/term8-dock-dues-in-the-french-outermost-regions-draft-legislative-resolution-single-vote-consultation.html"
"EPdoc-14-19_224";"2014-12-16";"Budget";"http://www.votewatch.eu/en/term8-mobilisation-of-the-european-globalisation-adjustment-fund-application-egf-2014-010-it-whirlpool-mot.html"
"EPdoc-14-19_225";"2014-12-16";"Budget";"http://www.votewatch.eu/en/term8-mobilisation-of-the-european-globalisation-adjustment-fund-application-egf-2013-006-pl-fiat-auto-pol.html"
"EPdoc-14-19_226";"2014-12-16";"Budget";"http://www.votewatch.eu/en/term8-mobilisation-of-the-european-globalisation-adjustment-fund-application-egf-2014-013-el-odyssefs-foka.html"
"EPdoc-14-19_227";"2014-12-16";"Budget";"http://www.votewatch.eu/en/term8-mobilisation-of-the-european-globalisation-adjustment-fund-application-egf-2013-014-fr-air-france-mo.html"
"EPdoc-14-19_184";"2014-11-27";"Industry, research & energy";"http://www.votewatch.eu/en/term8-commission-s-impact-assessment-guidelines-joint-motion-for-resolution-vote-resolution.html"
"EPdoc-14-19_195";"2014-11-27";"Constitutional and inter-institutional affairs";"http://www.votewatch.eu/en/term8-motion-of-censure-on-the-commission-motion-for-resolution-vote-resolution.html"
"EPdoc-14-19_198";"2014-11-27";"Development";"http://www.votewatch.eu/en/term8-child-malnutrition-in-developing-countries-motion-for-resolution-vote-resolution.html"
"EPdoc-14-19_217";"2014-11-27";"Internal market & consumer protection";"http://www.votewatch.eu/en/term8-digital-single-market-joint-motion-for-resolution-vote-resolution.html"
"EPdoc-14-19_170";"2014-11-27";"Economic & monetary affairs";"http://www.votewatch.eu/en/term8-decision-to-raise-no-objections-to-the-commission-delegated-regulation-on-the-provisional-system-of-.html"
"EPdoc-14-19_169";"2014-11-27";"Regional development";"http://www.votewatch.eu/en/term8-delays-in-the-start-up-of-cohesion-policy-for-2014-2020-joint-motion-for-resolution-vote-resolution.html"
"EPdoc-14-19_167";"2014-11-26";"Economic & monetary affairs";"http://www.votewatch.eu/en/term8-collection-of-statistical-information-by-the-european-central-bank-draft-legislative-resolution-sing.html"
"EPdoc-14-19_168";"2014-11-26";"Economic & monetary affairs";"http://www.votewatch.eu/en/term8-the-powers-of-the-european-central-bank-to-impose-sanctions-draft-legislative-resolution-vote-legisl.html"
"EPdoc-14-19_154";"2014-11-25";"Development";"http://www.votewatch.eu/en/term8-the-eu-and-the-global-development-framework-after-2015-motion-for-resolution-vote-resolution.html"
"EPdoc-14-19_155";"2014-11-25";"Legal affairs";"http://www.votewatch.eu/en/term8-protocol-on-matters-specific-to-railway-rolling-stock-draft-legislative-resolution-vote-consent-cons.html"
"EPdoc-14-19_156";"2014-11-25";"Legal affairs";"http://www.votewatch.eu/en/term8-hague-convention-of-30-june-2005-on-choice-of-court-agreements-draft-legislative-resolution-vote-con.html"
"EPdoc-14-19_157";"2014-11-25";"Budget";"http://www.votewatch.eu/en/term8-mobilisation-of-the-european-globalisation-adjustment-fund-application-egf-2014-008-fi-stx-rauma-mot.html"
"EPdoc-14-19_158";"2014-11-25";"Budget";"http://www.votewatch.eu/en/term8-mobilisation-of-the-european-globalisation-adjustment-fund-application-egf-2014-005-fr-gad-motion-fo.html"
"EPdoc-14-19_166";"2014-11-25";"Foreign & security policy";"http://www.votewatch.eu/en/term8-opinion-of-the-court-of-justice-eu-canada-agreement-on-the-transfer-and-processing-of-passenger-name.html"
"EPdoc-14-19_141";"2014-11-13";"Budget";"http://www.votewatch.eu/en/term8-mobilisation-of-the-european-globalisation-adjustment-fund-application-egf-2014-007-ie-andersen-irel.html"
"EPdoc-14-19_142";"2014-11-13";"Budget";"http://www.votewatch.eu/en/term8-mobilisation-of-the-european-globalisation-adjustment-fund-application-egf-2014-009-el-sprider-store.html"
"EPdoc-14-19_143";"2014-11-13";"Foreign & security policy";"http://www.votewatch.eu/en/term8-association-agreement-between-the-european-union-and-the-republic-of-moldova-draft-legislative-resol.html"
"EPdoc-14-19_144";"2014-11-13";"Foreign & security policy";"http://www.votewatch.eu/en/term8-conclusion-of-an-association-agreement-between-the-european-union-and-the-republic-of-moldova-motion.html"
"EPdoc-14-19_135";"2014-10-23";"Foreign & security policy";"http://www.votewatch.eu/en/term8-closing-down-of-memorial-sakharov-prize-2009-in-russia-joint-motion-for-resolution-vote-resolution.html"
"EPdoc-14-19_137";"2014-10-23";"Foreign & security policy";"http://www.votewatch.eu/en/term8-disappearance-of-43-teaching-students-in-mexico-joint-motion-for-resolution-vote-resolution.html"
"EPdoc-14-19_138";"2014-10-23";"International trade";"http://www.votewatch.eu/en/term8-customs-duties-on-goods-originating-in-ukraine-draft-legislative-resolution-vote-legislative-resolut.html"
"EPdoc-14-19_139";"2014-10-23";"Budgetary control";"http://www.votewatch.eu/en/term8-2012-discharge-body-of-european-regulators-for-electronic-communications-proposal-for-a-decision-vot.html"
"EPdoc-14-19_140";"2014-10-23";"Budgetary control";"http://www.votewatch.eu/en/term8-2012-discharge-european-council-and-council-proposal-for-a-decision-vote-resolution.html"
"EPdoc-14-19_131";"2014-10-22";"Budget";"http://www.votewatch.eu/en/term8-general-budget-of-the-european-union-for-the-financial-year-2015-all-sections-motion-for-resolution--27.html"
"EPdoc-14-19_132";"2014-10-22";"International trade";"http://www.votewatch.eu/en/term8-protocol-to-the-eu-republic-of-korea-free-trade-agreement-to-take-account-of-croatia-s-accession-to-.html"
"EPdoc-14-19_134";"2014-10-22";"Economic & monetary affairs";"http://www.votewatch.eu/en/term8-european-semester-for-economic-policy-coordination-implementation-of-2014-priorities-motion-for-reso-2.html"
"EPdoc-14-19_87";"2014-10-22";"Constitutional and inter-institutional affairs";"http://www.votewatch.eu/en/term8-election-of-the-commission-appointment-of-the-juncker-commission-approbation.html"
"EPdoc-14-19_88";"2014-10-22";"Budget";"http://www.votewatch.eu/en/term8-draft-amending-budget-no-2-2014-surplus-resulting-from-the-implementation-of-the-budget-year-2013-mo.html"
"EPdoc-14-19_83";"2014-10-21";"Budget";"http://www.votewatch.eu/en/term8-mobilisation-of-the-european-globalisation-adjustment-fund-application-egf-2014-004-es-comunidad-val.html"
"EPdoc-14-19_84";"2014-10-21";"Budget";"http://www.votewatch.eu/en/term8-mobilisation-of-the-european-globalisation-adjustment-fund-application-egf-2013-012-be-ford-genk-mot.html"
"EPdoc-14-19_85";"2014-10-21";"Budget";"http://www.votewatch.eu/en/term8-mobilisation-of-the-european-globalisation-adjustment-fund-application-egf-2013-002-be-carsid-motion.html"
"EPdoc-14-19_86";"2014-10-21";"Budget";"http://www.votewatch.eu/en/term8-mobilisation-of-the-european-globalisation-adjustment-fund-application-egf-2014-006-fr-psa-motion-fo.html"
"EPdoc-14-19_68";"2014-09-18";"Foreign & security policy";"http://www.votewatch.eu/en/term8-israel-palestine-after-the-gaza-war-and-the-role-of-the-eu-resolution-by-gue-ngl-group-motion-for-re-16.html"
"EPdoc-14-19_81";"2014-09-18";"Foreign & security policy";"http://www.votewatch.eu/en/term8-israel-palestine-after-the-gaza-war-and-the-role-of-the-eu-joint-motion-for-resolution-vote-resoluti.html"
"EPdoc-14-19_82";"2014-09-18";"International trade";"http://www.votewatch.eu/en/term8-commission-delegated-regulation-reinstatement-of-market-access-for-fiji-request-by-gue-ngl-and-green.html"
"EPdoc-14-19_42";"2014-09-17";"Budget";"http://www.votewatch.eu/en/term8-mobilisation-of-the-european-globalisation-adjustment-fund-application-egf-2014-000-ta-2014-technica.html"
"EPdoc-14-19_43";"2014-09-17";"Budget";"http://www.votewatch.eu/en/term8-mobilisation-of-the-european-globalisation-adjustment-fund-application-egf-2014-001-el-nutriart-moti.html"
"EPdoc-14-19_44";"2014-09-17";"Budget";"http://www.votewatch.eu/en/term8-mobilisation-of-the-european-globalisation-adjustment-fund-application-egf-2012-010-ro-mechel-romani.html"
"EPdoc-14-19_45";"2014-09-17";"Budget";"http://www.votewatch.eu/en/term8-mobilisation-of-the-european-globalisation-adjustment-fund-application-egf-2014-003-es-aragon-food-a.html"
"EPdoc-14-19_46";"2014-09-17";"Budget";"http://www.votewatch.eu/en/term8-mobilisation-of-the-european-globalisation-adjustment-fund-application-egf-2014-002-nl-gelderland-ov.html"
"EPdoc-14-19_47";"2014-09-17";"Budget";"http://www.votewatch.eu/en/term8-mobilisation-of-the-european-globalisation-adjustment-fund-application-egf-2013-010-es-castilla-y-le.html"
"EPdoc-14-19_40";"2014-09-16";"Foreign & security policy";"http://www.votewatch.eu/en/term8-eu-ukraine-association-agreement-with-the-exception-of-the-treatment-of-third-country-nationals-lega.html"
"EPdoc-14-19_41";"2014-09-16";"Civil liberties, justice & home affairs";"http://www.votewatch.eu/en/term8-eu-ukraine-association-agreement-as-regards-the-treatment-of-third-country-nationals-legally-employe.html"
"EPdoc-14-19_7";"2014-07-17";"Foreign & security policy";"http://www.votewatch.eu/en/term8-nigeria-recent-attacks-by-boko-haram-joint-motions-for-a-resolution-vote-resolution.html"
"EPdoc-14-19_15";"2014-07-17";"Foreign & security policy";"http://www.votewatch.eu/en/term8-situation-in-ukraine-joint-motions-for-a-resolution-vote-resolution.html"
"EPdoc-14-19_32";"2014-07-17";"Employment & social affairs";"http://www.votewatch.eu/en/term8-youth-employment-joint-motions-for-a-resolution-vote-resolution.html"
"EPdoc-14-19_39";"2014-07-17";"Foreign & security policy";"http://www.votewatch.eu/en/term8-escalation-of-violence-between-israel-and-palestine-joint-motions-for-a-resolution-vote-resolution.html"
"EPdoc-14-19_1";"2014-07-16";"Constitutional and inter-institutional affairs";"http://www.votewatch.eu/en/term8-appointment-of-4-members-of-the-european-commission-jyrki-katainen-fi-jacek-dominik-pl-ferdinando-ne.html"
"EPdoc-14-19_5";"2014-07-16";"Economic & monetary affairs";"http://www.votewatch.eu/en/term8-adoption-by-lithuania-of-the-euro-on-1-january-2015-draft-legislative-resolution-vote-legislative-re.html"
